student_id,study_hours,attendance_pct,previous_score,assignment_completion,sleep_hours,participation,previous_performance,performance_class
STU-1522,5.0,90.7,75.4,89.7,7.7,7,6,Good
STU-1738,3.7,87.6,65.6,86.4,7.1,8,8,Good
STU-1741,5.0,83.3,76.8,89.4,8.1,4,6,Good
STU-1661,4.3,96.4,72.7,92.0,7.5,8,6,Good
STU-1412,2.6,76.3,63.7,52.9,4.1,4,6,Average
STU-1679,4.9,79.5,72.8,87.6,8.2,6,7,Good
STU-1627,4.1,87.2,74.4,84.4,6.4,5,7,Good
STU-1514,3.7,90.0,54.6,84.3,8.0,4,6,Average
STU-1860,8.2,95.9,86.1,100.0,7.7,8,9,Excellent
STU-1137,0.7,75.3,47.2,68.8,6.3,3,4,Needs Improvement
STU-1812,6.1,88.2,75.0,80.8,6.8,5,7,Good
STU-1077,1.7,43.5,41.5,52.7,4.5,2,4,Needs Improvement
STU-1637,5.9,87.8,85.6,88.9,5.9,5,5,Good
STU-1974,4.9,90.7,80.5,90.0,7.7,7,7,Excellent
STU-1939,8.7,93.2,91.0,99.5,7.4,7,10,Excellent
STU-1900,7.4,89.2,93.1,91.7,6.5,8,8,Excellent
STU-1281,3.2,76.3,68.6,78.8,7.3,5,5,Average
STU-1884,6.4,87.1,98.8,94.8,6.8,9,9,Excellent
STU-1762,5.0,88.9,67.5,83.5,6.8,7,8,Good
STU-1320,4.0,64.3,70.1,73.1,5.5,4,6,Average
STU-1550,3.4,95.7,83.0,94.1,6.6,7,5,Good
STU-1175,1.0,80.0,36.1,56.6,6.8,3,3,Needs Improvement
STU-1372,3.4,83.6,61.6,56.1,7.3,4,4,Average
STU-1528,4.6,89.2,83.0,94.9,8.2,8,7,Good
STU-1211,2.9,50.7,46.7,52.2,4.6,4,3,Needs Improvement
STU-1236,3.6,72.5,71.9,83.7,9.5,6,5,Average
STU-1102,3.4,33.0,65.0,55.2,5.7,2,4,Needs Improvement
STU-1987,7.3,92.1,88.3,96.0,6.5,8,8,Excellent
STU-1903,8.2,96.9,100.0,93.1,8.4,8,10,Excellent
STU-1948,7.4,87.7,92.1,93.6,6.8,8,8,Excellent
STU-1347,3.0,73.7,54.3,77.6,7.3,5,6,Average
STU-1140,1.2,52.6,29.1,45.2,3.0,1,4,Needs Improvement
STU-1622,3.2,80.4,74.6,73.8,7.1,6,5,Good
STU-1500,2.7,78.1,78.0,80.3,6.5,5,5,Average
STU-1371,4.3,70.3,64.7,73.5,7.6,2,4,Average
STU-1199,3.0,76.7,48.3,40.7,6.5,2,6,Needs Improvement
STU-1688,4.4,90.5,66.5,91.3,6.3,7,7,Good
STU-1585,5.9,83.7,71.4,96.2,7.0,7,8,Good
STU-1902,7.9,93.7,90.1,94.4,8.6,7,9,Excellent
STU-1060,2.9,62.0,40.5,75.0,6.0,4,3,Needs Improvement
STU-1329,3.6,85.2,69.6,59.5,7.9,4,5,Average
STU-1097,1.5,53.5,33.9,40.3,4.1,5,4,Needs Improvement
STU-1313,1.2,86.3,55.0,70.6,6.1,6,3,Average
STU-1975,6.8,91.8,99.0,100.0,6.7,9,9,Excellent
STU-1300,2.2,82.3,64.5,79.0,5.3,3,6,Average
STU-1278,3.3,76.5,62.3,75.4,6.2,6,5,Average
STU-1925,7.5,91.3,90.2,93.9,7.6,6,7,Excellent
STU-1602,2.5,80.9,71.2,85.3,6.6,8,5,Good
STU-1440,4.7,68.1,77.7,80.0,7.3,5,5,Average
STU-1838,4.2,93.5,85.4,84.8,5.3,6,6,Good
STU-1571,3.1,83.2,66.1,91.9,5.0,7,5,Good
STU-1880,5.7,96.9,92.0,94.4,6.7,8,7,Excellent
STU-1262,4.5,73.2,65.1,79.4,6.9,6,5,Average
STU-1579,5.5,98.0,77.4,89.6,6.4,7,7,Good
STU-1024,2.5,71.9,39.8,66.5,6.4,4,5,Needs Improvement
STU-1031,2.3,71.6,57.5,61.8,5.3,4,2,Needs Improvement
STU-1618,4.5,85.9,77.4,94.9,6.0,6,8,Good
STU-1011,2.1,76.5,47.6,75.0,3.0,4,3,Needs Improvement
STU-1222,3.5,80.1,73.6,72.1,6.4,4,4,Average
STU-1821,5.1,80.0,78.1,77.5,5.3,7,6,Good
STU-1297,3.3,75.6,60.7,70.2,7.3,6,5,Average
STU-1055,3.8,48.3,39.6,43.0,3.0,2,2,Needs Improvement
STU-1543,4.8,84.0,77.0,88.4,6.1,5,5,Good
STU-1210,1.0,51.0,53.9,75.0,6.4,1,4,Needs Improvement
STU-1605,5.1,86.1,68.6,95.8,6.5,7,5,Good
STU-1693,6.0,89.2,65.0,83.6,6.5,7,4,Good
STU-1663,4.1,72.0,81.1,79.1,5.1,4,8,Good
STU-1867,6.3,100.0,90.8,94.0,6.7,9,9,Excellent
STU-1071,1.8,75.8,48.8,39.1,8.1,3,2,Needs Improvement
STU-1544,3.2,78.7,79.0,81.2,7.6,7,5,Good
STU-1108,0.5,46.9,34.5,37.4,7.4,1,6,Needs Improvement
STU-1494,2.1,73.0,61.1,50.0,9.1,6,5,Average
STU-1591,4.6,86.0,84.4,95.3,7.0,6,7,Good
STU-1742,5.0,80.5,88.4,82.9,7.1,7,6,Good
STU-1293,2.5,83.0,65.0,72.9,6.2,5,6,Average
STU-1290,2.0,55.0,66.3,88.0,8.1,5,4,Average
STU-1653,5.6,82.6,83.1,79.0,8.6,7,6,Good
STU-1040,1.8,46.2,52.6,55.0,4.9,3,2,Needs Improvement
STU-1590,5.0,87.8,71.4,81.3,8.9,6,9,Good
STU-1308,1.7,72.6,76.6,73.2,6.9,3,4,Average
STU-1680,4.4,82.8,79.8,77.3,8.4,6,8,Good
STU-1067,1.2,60.6,46.9,48.7,6.7,4,2,Needs Improvement
STU-1276,2.4,55.0,63.0,82.9,9.0,3,6,Average
STU-1068,1.3,54.7,25.0,29.3,7.9,5,3,Needs Improvement
STU-1319,4.5,69.2,51.9,82.1,5.8,6,3,Average
STU-1549,6.0,88.3,72.2,85.0,6.5,6,8,Good
STU-1999,5.0,100.0,89.9,94.8,8.0,9,9,Excellent
STU-1715,5.6,80.9,75.5,84.1,5.3,6,8,Good
STU-1754,7.4,78.8,82.2,84.3,7.9,5,6,Good
STU-1328,4.5,87.9,71.9,73.8,5.6,4,6,Average
STU-1383,2.3,58.3,67.4,58.9,6.7,5,6,Average
STU-1452,3.3,84.6,67.2,67.5,7.1,4,4,Average
STU-1523,4.9,88.2,78.0,73.4,7.3,9,7,Good
STU-1219,3.5,76.5,43.1,35.2,6.0,1,3,Needs Improvement
STU-1788,4.7,86.8,82.4,91.1,7.4,8,5,Good
STU-1437,2.9,67.7,77.1,65.3,5.9,5,4,Average
STU-1765,2.8,86.2,81.7,89.4,7.3,8,6,Good
STU-1089,1.9,66.7,52.8,55.4,4.6,3,5,Needs Improvement
STU-1064,1.8,33.2,47.1,32.4,6.8,3,2,Needs Improvement
STU-1827,5.3,98.0,77.2,90.8,7.0,9,5,Good
STU-1717,4.8,84.6,78.5,83.7,5.0,9,7,Good
STU-1352,3.4,78.0,68.3,73.7,7.5,6,4,Average
STU-1937,7.3,91.0,88.7,90.1,7.4,9,9,Excellent
STU-1257,3.1,79.4,66.5,66.2,6.2,4,6,Average
STU-1636,4.0,80.7,78.6,90.1,8.6,6,6,Good
STU-1645,5.5,85.6,70.9,93.9,6.5,6,7,Good
STU-1555,3.3,84.8,79.8,88.1,5.3,6,7,Good
STU-1960,7.2,86.1,92.1,98.7,7.4,10,9,Excellent
STU-1169,0.3,56.8,38.1,35.4,6.1,5,4,Needs Improvement
STU-1918,6.5,89.5,86.3,99.6,7.6,8,9,Excellent
STU-1529,4.2,88.0,83.6,85.6,8.2,8,6,Good
STU-1824,5.3,80.1,69.6,87.7,6.8,7,7,Good
STU-1986,6.1,91.1,84.9,94.9,6.2,9,8,Excellent
STU-1817,5.7,88.4,80.4,84.2,7.6,6,8,Good
STU-1087,2.6,74.3,52.1,75.0,4.6,1,1,Needs Improvement
STU-1433,1.5,70.9,66.3,77.0,6.0,5,2,Average
STU-1185,0.8,32.2,51.9,75.0,5.8,4,3,Needs Improvement
STU-1979,6.9,95.9,100.0,91.5,6.5,8,8,Excellent
STU-1535,4.4,77.9,73.7,90.4,7.4,7,6,Good
STU-1295,3.4,75.5,71.0,71.8,7.1,5,5,Average
STU-1893,6.0,96.0,92.4,97.2,6.0,9,8,Excellent
STU-1426,3.3,84.1,59.1,77.9,6.8,5,7,Average
STU-1714,5.5,85.3,81.4,82.7,7.1,8,10,Good
STU-1261,3.1,74.6,63.4,67.1,6.8,5,4,Average
STU-1238,4.2,84.5,64.2,53.9,5.9,7,5,Average
STU-1560,4.0,77.0,77.4,86.4,7.6,8,7,Good
STU-1584,4.1,96.1,66.5,95.5,6.9,8,7,Good
STU-1446,3.4,72.4,59.7,82.4,8.6,4,4,Average
STU-1868,6.2,96.3,83.2,95.6,7.9,10,8,Excellent
STU-1801,4.6,85.4,76.7,93.3,7.5,7,6,Good
STU-1600,2.5,72.0,75.0,94.1,5.5,4,8,Good
STU-1850,4.8,96.0,93.8,92.9,8.5,7,7,Excellent
STU-1266,2.6,85.1,63.2,75.6,6.9,5,6,Average
STU-1996,7.5,91.7,89.7,94.8,8.2,7,8,Excellent
STU-1530,4.0,85.2,79.8,83.6,8.5,7,7,Good
STU-1056,1.9,62.1,66.8,66.3,4.9,1,4,Needs Improvement
STU-1121,1.8,66.1,36.8,57.7,6.0,3,3,Needs Improvement
STU-1216,1.4,66.4,57.6,53.3,8.0,1,3,Needs Improvement
STU-1026,2.5,58.2,62.5,48.0,9.9,4,2,Needs Improvement
STU-1073,1.2,52.2,42.1,39.0,5.9,2,3,Needs Improvement
STU-1045,2.3,55.6,45.8,68.5,7.0,4,5,Needs Improvement
STU-1248,4.9,72.2,62.6,72.8,6.2,6,3,Average
STU-1722,4.8,92.7,76.9,91.7,7.5,7,7,Good
STU-1282,3.1,72.4,72.9,78.3,4.0,6,5,Average
STU-1894,6.3,100.0,91.4,93.6,5.5,10,7,Excellent
STU-1915,7.9,88.3,91.5,92.2,7.2,9,9,Excellent
STU-1811,7.3,86.3,74.2,99.0,5.8,7,7,Good
STU-1245,3.1,66.2,72.7,71.9,4.0,6,4,Average
STU-1823,4.6,79.7,81.4,84.8,6.6,8,7,Good
STU-1322,2.0,72.5,71.5,71.9,8.4,3,5,Average
STU-1644,3.4,76.5,80.5,85.6,7.5,8,7,Good
STU-1159,2.4,45.4,41.8,75.0,5.5,3,4,Needs Improvement
STU-1978,6.5,91.5,87.5,100.0,6.7,10,9,Excellent
STU-1430,4.9,78.5,55.7,77.4,4.7,6,4,Average
STU-1942,6.5,90.5,91.2,94.2,6.4,10,8,Excellent
STU-1463,2.0,75.5,72.1,61.7,6.8,6,5,Average
STU-1310,4.2,86.6,57.9,65.7,5.1,5,6,Average
STU-1698,5.8,92.0,86.2,81.5,7.6,7,6,Good
STU-1061,3.7,79.1,45.5,66.6,6.8,5,2,Needs Improvement
STU-1885,6.8,99.1,94.9,91.2,6.9,9,6,Excellent
STU-1596,5.6,84.2,76.5,93.4,6.4,5,7,Good
STU-1768,6.4,78.5,71.2,79.9,7.0,7,8,Good
STU-1650,4.2,88.2,81.5,86.3,7.0,7,7,Good
STU-1651,6.2,91.0,83.2,80.7,7.0,6,6,Good
STU-1866,8.8,94.3,94.6,100.0,8.0,8,9,Excellent
STU-1669,5.5,92.6,83.2,88.6,6.9,6,9,Good
STU-1299,2.7,72.8,61.8,86.1,7.0,5,6,Average
STU-1690,4.8,85.6,79.4,87.5,7.9,8,6,Good
STU-1315,2.6,77.9,77.6,71.3,7.5,3,4,Average
STU-1311,4.1,73.4,62.8,74.4,5.6,8,3,Average
STU-1362,3.7,90.0,57.1,77.3,5.5,6,4,Average
STU-1480,3.3,69.2,63.8,73.7,4.0,5,4,Average
STU-1111,2.4,51.3,54.3,66.6,6.7,1,2,Needs Improvement
STU-1990,5.9,85.9,84.1,95.1,6.5,8,7,Excellent
STU-1487,3.4,73.2,68.1,50.2,7.4,5,5,Average
STU-1364,2.1,72.3,62.8,88.0,7.1,3,4,Average
STU-1255,2.8,68.5,55.2,72.3,4.8,6,5,Average
STU-1260,4.0,71.9,58.8,53.6,5.7,5,4,Average
STU-1803,4.3,72.0,77.0,84.9,7.5,7,7,Good
STU-1678,5.5,89.1,81.0,87.0,7.5,9,7,Good
STU-1495,3.2,64.6,76.9,88.0,6.8,6,5,Average
STU-1671,4.7,87.5,83.7,90.4,6.9,6,7,Good
STU-1378,3.6,88.5,63.5,65.4,5.8,3,4,Average
STU-1527,5.0,93.4,81.6,81.5,9.5,7,8,Good
STU-1846,5.6,97.2,81.6,97.3,6.5,9,9,Excellent
STU-1138,2.2,65.7,61.3,54.9,6.9,3,5,Needs Improvement
STU-1356,4.0,70.9,64.7,73.2,4.3,5,4,Average
STU-1366,3.7,55.0,65.0,76.0,7.7,4,5,Average
STU-1943,4.4,99.3,87.7,92.9,5.9,10,7,Excellent
STU-1750,5.5,91.8,77.9,83.1,5.5,8,7,Good
STU-1949,7.3,88.8,88.2,94.9,6.5,10,8,Excellent
STU-1830,6.6,93.1,78.8,72.0,6.7,10,7,Good
STU-1657,5.3,73.0,78.0,88.0,6.8,8,7,Good
STU-1200,1.9,53.6,49.8,31.8,4.3,4,2,Needs Improvement
STU-1214,4.1,51.2,49.8,75.0,8.8,6,5,Needs Improvement
STU-1409,2.6,72.2,73.3,74.7,6.0,6,4,Average
STU-1333,3.2,79.3,57.4,69.5,7.4,6,5,Average
STU-1209,2.5,62.6,60.9,62.1,5.6,1,3,Needs Improvement
STU-1614,4.4,77.1,76.7,94.8,5.6,5,7,Good
STU-1079,2.3,55.6,51.7,42.9,5.9,2,5,Needs Improvement
STU-1030,2.7,41.5,38.6,59.7,6.6,3,6,Needs Improvement
STU-1536,4.6,72.9,79.1,96.3,5.6,6,7,Good
STU-1696,3.1,87.1,77.8,88.0,6.6,10,8,Good
STU-1558,5.2,82.7,77.2,97.8,6.2,9,7,Good
STU-1837,5.4,80.1,69.7,75.3,5.0,6,7,Good
STU-1597,4.3,80.2,76.9,90.2,7.1,7,9,Good
STU-1166,2.7,49.7,68.0,66.7,5.3,1,6,Needs Improvement
STU-1919,5.7,100.0,96.1,93.4,6.9,6,7,Excellent
STU-1496,2.0,70.7,65.9,68.9,6.3,5,5,Average
STU-1825,5.0,76.3,89.3,85.9,7.8,6,7,Good
STU-1066,1.1,56.7,37.6,43.7,4.0,5,3,Needs Improvement
STU-1142,2.6,55.3,48.3,55.1,3.0,2,2,Needs Improvement
STU-1926,7.6,98.1,85.9,94.1,7.8,9,7,Excellent
STU-1828,4.9,76.2,65.0,88.9,7.2,6,7,Good
STU-1656,6.0,92.1,83.5,84.0,6.0,6,7,Good
STU-1332,2.6,69.5,57.3,77.0,7.5,5,7,Average
STU-1665,3.2,84.6,76.5,91.1,7.1,7,8,Good
STU-1250,4.2,66.6,66.7,81.8,7.2,5,6,Average
STU-1908,5.9,100.0,85.3,90.3,8.2,6,8,Excellent
STU-1709,4.6,92.4,77.7,90.3,6.8,5,7,Good
STU-1306,2.7,74.8,75.8,61.8,4.8,5,5,Average
STU-1735,4.1,82.0,74.6,90.5,8.1,6,8,Good
STU-1976,6.0,88.0,89.9,94.4,7.1,9,8,Excellent
STU-1050,1.3,52.3,50.3,30.3,3.7,2,3,Needs Improvement
STU-1897,6.7,89.7,88.2,95.3,8.3,8,7,Excellent
STU-1003,0.2,51.3,37.9,56.7,4.4,1,5,Needs Improvement
STU-1545,5.5,90.9,72.0,89.7,6.2,7,6,Good
STU-1351,2.4,67.3,64.5,66.6,7.4,7,4,Average
STU-1905,8.6,94.4,95.9,90.2,7.1,8,8,Excellent
STU-1537,6.1,83.3,73.8,74.2,7.2,9,7,Good
STU-1345,3.9,64.8,70.7,86.8,5.3,4,6,Average
STU-1995,10.3,94.4,95.0,95.8,7.9,8,9,Excellent
STU-1482,3.4,77.2,65.9,72.3,5.2,7,7,Average
STU-1576,4.5,81.3,76.4,97.4,7.9,8,5,Good
STU-1034,2.0,58.5,41.5,75.0,6.8,1,3,Needs Improvement
STU-1032,1.6,52.2,48.8,75.0,3.0,4,1,Needs Improvement
STU-1232,2.5,70.6,73.0,74.0,4.9,6,4,Average
STU-1964,6.3,87.7,83.3,91.5,6.7,7,9,Excellent
STU-1193,2.7,40.2,22.5,66.0,3.7,2,1,Needs Improvement
STU-1334,3.1,61.9,62.5,81.0,7.3,6,5,Average
STU-1004,1.6,58.8,33.8,43.8,6.0,1,3,Needs Improvement
STU-1205,1.6,54.7,51.1,64.2,7.1,2,3,Needs Improvement
STU-1515,3.5,72.2,59.2,66.5,9.1,5,6,Average
STU-1800,5.2,92.7,67.5,89.7,6.8,7,7,Good
STU-1307,3.4,76.0,63.4,86.4,4.7,4,5,Average
STU-1110,1.7,71.8,41.0,51.5,8.5,2,5,Needs Improvement
STU-1431,3.1,84.6,56.0,60.4,5.9,6,3,Average
STU-1078,1.3,68.0,36.7,59.9,8.0,1,2,Needs Improvement
STU-1085,2.5,47.7,48.7,44.8,6.5,3,4,Needs Improvement
STU-1287,2.5,71.5,51.7,74.9,6.6,4,6,Average
STU-1083,2.5,31.5,50.4,63.6,3.6,4,3,Needs Improvement
STU-1992,6.2,92.3,84.1,93.5,8.4,9,9,Excellent
STU-1790,4.2,80.9,74.3,94.3,7.1,6,7,Good
STU-1895,5.5,92.7,96.4,97.7,7.4,9,8,Excellent
STU-1399,2.5,63.6,61.8,74.6,7.3,4,5,Average
STU-1324,3.6,83.9,57.5,79.1,8.0,3,5,Average
STU-1520,3.9,77.4,66.9,69.9,7.0,5,6,Average
STU-1917,4.5,95.3,91.6,92.6,6.3,10,9,Excellent
STU-1923,4.8,90.0,84.7,98.5,6.9,8,8,Excellent
STU-1006,0.7,60.5,28.4,32.1,6.1,4,3,Needs Improvement
STU-1732,4.2,76.5,82.9,78.0,6.7,6,7,Good
STU-1466,3.3,67.0,60.0,83.7,8.3,5,5,Average
STU-1098,2.9,66.7,36.7,44.1,6.5,1,4,Needs Improvement
STU-1267,3.9,60.0,74.1,58.0,7.8,6,4,Average
STU-1358,3.5,78.6,71.8,70.0,5.9,3,4,Average
STU-1869,5.1,90.4,84.0,99.7,8.9,9,9,Excellent
STU-1799,4.2,72.0,85.1,97.0,6.5,6,6,Good
STU-1381,2.1,66.8,69.2,64.5,7.2,3,6,Average
STU-1632,2.9,83.9,65.0,95.9,6.0,8,8,Good
STU-1382,2.1,78.4,69.4,66.7,7.3,5,4,Average
STU-1491,3.6,84.8,68.7,72.1,9.3,6,6,Average
STU-1119,3.2,51.7,43.8,47.8,3.8,1,2,Needs Improvement
STU-1901,6.5,88.2,94.3,98.9,5.7,9,8,Excellent
STU-1251,1.0,79.4,60.4,56.5,7.2,7,5,Average
STU-1524,4.1,88.2,79.9,94.8,5.8,8,8,Good
STU-1010,0.7,67.8,61.6,50.9,7.3,3,2,Needs Improvement
STU-1197,0.6,38.6,62.7,48.9,4.8,4,2,Needs Improvement
STU-1604,5.6,86.0,85.1,78.1,7.6,9,7,Good
STU-1082,0.9,35.6,44.5,52.3,8.3,3,3,Needs Improvement
STU-1784,5.3,86.5,78.2,71.5,7.8,7,7,Good
STU-1588,5.0,92.9,73.3,97.1,5.6,9,6,Good
STU-1798,4.8,97.4,84.1,97.7,7.5,8,6,Good
STU-1240,2.4,86.9,62.7,84.0,8.4,6,4,Average
STU-1291,3.9,66.2,68.3,77.5,7.9,8,5,Average
STU-1212,2.2,47.4,43.6,62.8,5.2,5,2,Needs Improvement
STU-1718,5.2,85.7,73.6,85.8,5.5,9,6,Good
STU-1360,3.0,73.0,67.3,73.8,4.0,5,4,Average
STU-1450,2.7,77.5,68.3,66.6,5.7,5,4,Average
STU-1228,3.3,65.4,48.0,76.9,7.7,2,4,Average
STU-1951,7.1,92.6,86.6,96.2,7.0,10,7,Excellent
STU-1947,7.3,93.8,87.1,87.8,7.8,10,8,Excellent
STU-1797,4.5,83.8,72.1,74.3,6.4,7,5,Good
STU-1502,3.1,78.0,61.3,84.0,5.5,7,3,Average
STU-1465,3.4,59.1,69.2,75.7,7.4,6,5,Average
STU-1363,2.8,71.6,71.8,81.3,5.1,5,4,Average
STU-1469,4.3,75.1,65.6,78.0,5.6,5,2,Average
STU-1936,6.3,87.7,86.3,96.4,8.0,8,9,Excellent
STU-1429,3.4,64.1,67.3,71.6,4.3,4,5,Average
STU-1008,0.2,61.9,44.1,41.8,6.7,4,4,Needs Improvement
STU-1156,2.2,70.4,50.4,48.1,5.5,3,3,Needs Improvement
STU-1542,3.9,87.1,85.8,90.8,6.7,7,7,Good
STU-1441,4.3,75.1,51.2,62.9,6.4,5,5,Average
STU-1483,1.7,65.8,63.0,64.3,7.2,4,8,Average
STU-1423,2.3,88.0,71.5,70.9,8.0,3,4,Average
STU-1779,3.5,96.6,79.9,77.9,6.7,7,9,Good
STU-1950,5.9,90.1,98.1,96.9,6.7,9,9,Excellent
STU-1335,3.2,68.7,69.9,76.8,7.2,4,2,Average
STU-1577,3.6,72.0,73.1,93.2,7.6,6,7,Good
STU-1935,6.1,89.9,91.3,85.6,5.9,8,8,Excellent
STU-1568,6.1,83.6,71.4,89.3,7.2,7,7,Good
STU-1595,4.2,86.5,78.1,90.1,6.8,4,6,Good
STU-1531,3.4,78.1,79.7,73.1,8.1,7,10,Good
STU-1582,5.1,78.9,84.3,90.7,6.4,5,7,Good
STU-1708,5.2,87.4,85.5,92.1,8.1,7,5,Good
STU-1449,4.1,65.8,68.3,70.6,7.6,2,5,Average
STU-1454,3.7,63.5,70.4,64.0,5.7,3,4,Average
STU-1229,3.8,90.0,65.1,66.4,6.4,7,4,Average
STU-1353,4.0,81.1,59.7,73.3,7.4,5,6,Average
STU-1729,5.7,79.3,73.4,87.4,8.1,7,7,Good
STU-1213,2.0,69.2,33.8,25.6,3.5,4,2,Needs Improvement
STU-1080,2.0,62.1,43.9,44.7,5.2,3,2,Needs Improvement
STU-1149,0.7,40.4,50.2,67.7,8.3,2,4,Needs Improvement
STU-1303,3.9,69.9,63.4,64.1,4.0,5,8,Average
STU-1629,3.9,80.2,84.5,93.1,7.6,8,6,Good
STU-1778,4.7,82.4,74.2,81.5,6.6,8,7,Good
STU-1507,4.0,65.4,74.6,75.8,7.4,7,4,Average
STU-1343,3.1,62.4,58.5,64.0,6.8,5,4,Average
STU-1486,2.0,78.0,75.4,88.0,6.1,6,6,Average
STU-1712,4.9,88.3,65.0,79.2,8.0,7,7,Good
STU-1134,3.5,40.6,26.0,58.6,5.0,1,4,Needs Improvement
STU-1704,5.1,89.5,86.5,89.9,6.6,6,7,Good
STU-1312,3.4,90.0,65.0,71.3,6.2,5,7,Average
STU-1723,3.6,79.3,82.3,87.1,7.0,6,7,Good
STU-1630,5.1,85.2,83.1,86.3,6.7,7,8,Good
STU-1001,2.2,56.3,54.5,74.8,5.4,2,5,Needs Improvement
STU-1317,4.0,70.4,61.7,75.4,6.1,5,8,Average
STU-1707,4.9,81.6,88.5,93.8,6.4,5,6,Good
STU-1548,5.3,84.8,74.8,93.7,5.7,6,6,Good
STU-1873,5.6,98.3,100.0,92.0,8.0,8,9,Excellent
STU-1533,4.2,89.5,81.0,94.0,5.9,4,8,Good
STU-1478,4.8,79.6,63.3,63.8,8.1,4,7,Average
STU-1405,4.1,71.1,53.1,64.7,8.5,5,5,Average
STU-1173,1.8,58.5,41.0,42.1,3.7,5,1,Needs Improvement
STU-1126,3.4,51.8,50.2,51.8,7.6,6,2,Needs Improvement
STU-1395,2.2,79.0,69.4,65.8,7.7,4,5,Average
STU-1421,4.1,70.3,69.5,71.3,7.0,3,5,Average
STU-1553,4.4,81.6,79.9,97.7,7.2,8,5,Good
STU-1904,6.8,92.4,95.9,93.3,6.2,8,9,Excellent
STU-1091,0.3,76.4,46.4,45.6,4.3,1,4,Needs Improvement
STU-1940,6.2,94.6,95.2,92.9,6.6,9,7,Excellent
STU-1182,1.0,49.2,60.4,68.4,6.7,1,3,Needs Improvement
STU-1275,3.0,70.2,51.1,79.7,5.3,5,7,Average
STU-1896,7.0,94.3,94.4,98.4,7.9,8,9,Excellent
STU-1070,2.0,48.9,33.8,42.3,4.2,5,4,Needs Improvement
STU-1292,2.7,73.8,52.6,66.7,6.1,4,5,Average
STU-1132,2.0,52.6,49.9,68.1,4.3,3,2,Needs Improvement
STU-1301,3.5,66.8,58.9,83.1,5.2,7,4,Average
STU-1425,1.6,76.2,51.6,72.4,5.0,7,6,Average
STU-1327,4.3,66.2,61.7,77.2,7.5,5,4,Average
STU-1145,2.7,51.6,61.2,55.0,8.9,2,5,Needs Improvement
STU-1424,2.7,69.8,57.6,84.0,6.3,5,4,Average
STU-1581,5.5,87.7,72.3,89.1,6.1,6,7,Good
STU-1136,0.8,39.7,41.1,51.3,6.2,2,3,Needs Improvement
STU-1451,4.0,71.0,48.0,69.6,5.4,3,4,Average
STU-1165,3.2,47.8,38.1,19.7,4.8,1,5,Needs Improvement
STU-1029,1.0,59.8,48.6,34.9,6.3,3,4,Needs Improvement
STU-1774,4.3,81.4,83.3,82.4,7.7,6,5,Good
STU-1194,0.2,64.5,55.6,43.4,3.0,2,4,Needs Improvement
STU-1389,3.8,81.1,60.9,74.1,8.9,4,4,Average
STU-1853,8.6,94.5,93.8,99.3,7.8,8,9,Excellent
STU-1170,0.4,46.1,57.4,37.3,5.5,3,2,Needs Improvement
STU-1706,5.3,86.0,85.4,93.4,5.7,7,7,Good
STU-1141,2.5,63.1,38.3,51.3,5.8,1,5,Needs Improvement
STU-1174,1.2,49.4,56.9,47.6,7.7,2,3,Needs Improvement
STU-1007,1.7,54.4,33.2,41.2,5.1,4,3,Needs Improvement
STU-1746,5.3,87.7,75.0,83.7,5.9,9,7,Good
STU-1479,2.9,86.7,69.8,71.8,6.0,4,6,Average
STU-1074,1.8,55.1,38.9,43.3,6.9,3,2,Needs Improvement
STU-1911,6.5,93.2,95.0,99.5,7.3,9,9,Excellent
STU-1814,3.1,88.0,71.7,98.1,7.6,6,6,Good
STU-1239,2.3,70.0,70.9,77.9,6.3,4,5,Average
STU-1146,2.0,50.2,43.2,47.2,6.4,3,2,Needs Improvement
STU-1793,4.4,76.0,90.0,90.0,6.6,8,6,Good
STU-1235,5.1,65.5,65.2,85.7,6.5,5,4,Average
STU-1221,3.2,88.2,76.6,68.9,5.9,6,4,Average
STU-1924,5.1,93.3,92.7,90.8,8.2,8,8,Excellent
STU-1501,4.3,69.0,65.3,73.5,6.0,3,5,Average
STU-1133,2.9,39.7,42.4,57.7,8.1,3,2,Needs Improvement
STU-1991,5.8,97.4,91.1,95.0,8.3,9,10,Excellent
STU-1775,4.2,78.9,78.2,79.3,8.0,7,7,Good
STU-1186,1.7,69.0,45.1,56.0,6.3,2,4,Needs Improvement
STU-1042,2.3,61.4,41.8,48.9,5.1,2,4,Needs Improvement
STU-1697,3.6,87.4,74.4,80.4,5.8,7,6,Good
STU-1109,2.2,60.2,39.4,62.5,4.9,3,6,Needs Improvement
STU-1589,4.6,74.7,75.3,80.2,6.5,7,8,Good
STU-1057,0.6,80.0,59.8,45.0,3.2,5,3,Needs Improvement
STU-1406,2.9,89.2,76.4,88.0,6.4,5,3,Average
STU-1443,2.4,84.2,72.3,78.3,6.4,6,4,Average
STU-1758,5.1,84.7,76.1,92.6,7.7,6,8,Good
STU-1998,4.3,88.7,95.9,94.0,6.9,7,8,Excellent
STU-1025,1.6,49.0,39.1,39.8,5.7,3,3,Needs Improvement
STU-1468,3.8,72.3,58.9,80.9,7.5,4,7,Average
STU-1540,4.0,75.4,80.8,75.1,5.9,4,7,Good
STU-1532,7.1,84.9,77.4,93.5,8.8,5,5,Good
STU-1619,4.2,91.4,88.2,84.4,7.8,5,8,Good
STU-1695,4.9,85.2,75.1,81.6,6.4,5,7,Good
STU-1927,5.6,92.7,93.2,100.0,7.3,7,9,Excellent
STU-1339,2.7,60.3,57.2,84.1,6.4,4,5,Average
STU-1052,1.5,61.9,39.7,59.8,8.1,3,4,Needs Improvement
STU-1508,3.2,69.7,54.0,76.1,9.5,3,5,Average
STU-1517,3.0,77.2,69.8,79.6,5.4,5,6,Average
STU-1921,4.3,93.5,83.8,98.2,8.2,7,8,Excellent
STU-1782,5.0,84.0,78.7,96.9,7.5,6,6,Good
STU-1265,4.1,77.4,60.5,88.0,5.2,6,6,Average
STU-1818,2.9,83.4,88.3,82.0,6.5,6,6,Good
STU-1711,6.3,85.5,71.9,73.4,5.6,5,8,Good
STU-1683,2.5,90.7,77.9,94.8,6.0,4,7,Good
STU-1833,4.2,76.0,77.3,87.2,7.3,8,7,Good
STU-1519,2.4,80.1,54.2,67.3,7.3,4,5,Average
STU-1448,2.8,73.3,64.7,57.4,8.4,5,6,Average
STU-1019,0.9,51.2,49.0,44.4,3.5,3,2,Needs Improvement
STU-1716,3.5,92.3,80.9,82.2,7.0,9,8,Good
STU-1484,4.3,75.7,72.2,83.0,5.9,4,5,Average
STU-1569,5.3,94.7,81.4,80.2,8.5,9,10,Good
STU-1434,2.6,77.6,58.1,73.5,7.1,4,5,Average
STU-1368,3.0,74.3,54.9,70.3,6.5,8,4,Average
STU-1084,1.4,65.6,68.0,54.7,6.2,2,2,Needs Improvement
STU-1062,2.4,70.7,30.4,34.3,3.0,2,4,Needs Improvement
STU-1639,5.7,88.5,78.6,89.5,7.4,8,8,Good
STU-1273,3.1,77.6,54.0,62.9,5.2,5,7,Average
STU-1286,4.2,73.8,58.8,71.5,5.7,4,5,Average
STU-1361,3.4,90.0,67.6,70.2,7.7,6,6,Average
STU-1355,2.0,79.5,60.8,88.0,9.0,4,4,Average
STU-1457,5.3,69.1,54.3,56.1,7.5,2,5,Average
STU-1279,3.5,73.8,72.9,72.5,4.5,7,4,Average
STU-1013,1.1,52.0,57.2,56.9,5.0,3,3,Needs Improvement
STU-1183,2.9,59.7,68.0,57.9,6.1,2,3,Needs Improvement
STU-1369,4.5,82.0,67.0,88.0,7.0,5,5,Average
STU-1882,6.6,93.4,92.0,91.9,7.6,8,7,Excellent
STU-1616,3.2,82.2,82.4,85.7,6.6,7,5,Good
STU-1224,2.5,55.0,71.2,79.6,6.3,5,6,Average
STU-1573,3.4,89.6,65.0,82.9,6.6,7,7,Good
STU-1971,6.7,92.2,94.0,92.9,7.3,10,10,Excellent
STU-1654,4.5,90.9,74.5,82.1,6.9,5,9,Good
STU-1546,3.0,83.7,77.3,84.4,5.9,6,7,Good
STU-1583,4.4,86.7,75.8,74.0,6.7,6,8,Good
STU-1634,2.6,87.4,74.6,83.4,7.8,8,7,Good
STU-1177,1.7,80.0,40.0,75.0,8.3,2,4,Needs Improvement
STU-1666,7.0,84.1,72.4,88.6,6.3,8,7,Good
STU-1674,5.4,88.5,80.1,87.5,7.1,10,8,Good
STU-1586,3.8,89.6,74.5,86.1,7.2,5,6,Good
STU-1874,5.2,95.9,86.1,94.3,6.6,9,8,Excellent
STU-1394,4.6,70.3,63.9,72.3,6.1,5,4,Average
STU-1164,3.0,56.2,49.3,49.4,5.8,1,1,Needs Improvement
STU-1249,2.3,65.5,71.7,88.0,6.5,5,5,Average
STU-1635,4.5,89.0,69.9,88.5,7.7,8,5,Good
STU-1886,6.6,88.3,87.9,94.0,7.2,8,7,Excellent
STU-1670,4.1,79.8,82.0,81.8,6.1,5,6,Good
STU-1376,2.4,85.2,69.9,69.0,6.0,5,6,Average
STU-1413,1.0,70.0,61.3,85.5,6.1,5,5,Average
STU-1075,1.9,67.0,31.3,60.2,4.8,3,2,Needs Improvement
STU-1114,2.0,61.3,35.2,35.8,7.4,3,4,Needs Improvement
STU-1599,7.1,81.7,75.5,86.6,7.5,7,8,Good
STU-1962,6.5,89.8,98.0,100.0,6.7,8,8,Excellent
STU-1391,4.3,87.5,68.9,65.1,9.0,4,5,Average
STU-1105,1.3,48.7,50.0,37.3,6.4,1,4,Needs Improvement
STU-1115,1.8,58.4,57.4,44.3,5.9,2,2,Needs Improvement
STU-1418,4.4,68.2,70.2,71.2,6.5,5,5,Average
STU-1526,4.9,86.4,77.1,94.7,7.0,5,6,Good
STU-1458,3.6,75.5,68.0,75.0,8.1,4,4,Average
STU-1410,3.8,77.3,62.8,65.5,5.5,6,6,Average
STU-1093,1.6,54.7,21.0,51.2,5.5,4,5,Needs Improvement
STU-1931,8.8,97.5,86.6,93.9,7.6,8,10,Excellent
STU-1090,3.0,77.1,42.9,37.2,5.6,3,4,Needs Improvement
STU-1337,3.8,63.1,73.5,75.4,6.2,5,3,Average
STU-1989,5.4,100.0,97.9,94.9,7.7,8,9,Excellent
STU-1922,6.2,85.0,91.5,94.0,8.4,7,8,Excellent
STU-1934,7.4,100.0,95.6,92.6,8.2,7,9,Excellent
STU-1606,3.6,94.6,75.9,96.4,7.0,4,8,Good
STU-1594,5.9,86.5,73.5,93.4,6.9,7,6,Good
STU-1612,3.8,85.6,80.2,99.0,5.6,8,8,Good
STU-1095,2.0,56.3,42.3,43.8,5.8,2,2,Needs Improvement
STU-1012,1.5,59.1,28.1,48.7,6.3,5,2,Needs Improvement
STU-1397,3.0,61.6,61.6,70.4,6.3,5,5,Average
STU-1534,4.0,73.9,78.9,92.2,7.0,6,7,Good
STU-1044,1.3,67.0,54.1,51.7,6.0,4,2,Needs Improvement
STU-1043,2.1,49.7,57.0,56.6,7.0,4,2,Needs Improvement
STU-1330,3.4,90.0,78.0,78.5,6.4,6,6,Average
STU-1168,2.6,67.1,50.8,53.6,5.7,2,3,Needs Improvement
STU-1498,4.4,71.6,48.0,69.7,6.5,4,4,Average
STU-1877,9.2,94.1,86.4,91.0,8.5,8,8,Excellent
STU-1598,4.5,87.7,74.9,81.5,6.5,6,7,Good
STU-1757,3.3,80.5,85.9,85.9,7.2,8,8,Good
STU-1101,1.3,70.6,41.0,30.9,3.5,4,1,Needs Improvement
STU-1427,3.9,76.3,53.4,64.4,6.5,5,4,Average
STU-1179,1.8,48.8,50.3,28.7,6.3,4,1,Needs Improvement
STU-1445,3.6,59.0,56.9,70.5,6.2,3,5,Average
STU-1417,2.5,80.1,69.8,88.0,6.4,6,5,Average
STU-1871,7.8,94.4,89.3,92.0,7.6,9,7,Excellent
STU-1883,7.2,92.9,89.3,90.8,8.9,9,9,Excellent
STU-1681,3.5,90.0,82.0,89.5,6.1,7,6,Good
STU-1178,3.3,53.5,46.0,43.3,4.3,2,1,Needs Improvement
STU-1396,3.9,73.7,68.2,68.4,6.4,5,4,Average
STU-1912,6.9,97.6,90.3,100.0,6.2,8,8,Excellent
STU-1794,5.2,85.0,81.8,86.6,5.6,7,8,Good
STU-1961,7.5,98.3,91.5,86.3,7.1,9,8,Excellent
STU-1685,2.7,85.0,76.4,84.4,7.0,7,7,Good
STU-1384,2.9,71.4,70.1,76.0,7.0,6,3,Average
STU-1957,6.5,95.9,92.3,91.2,8.4,9,7,Excellent
STU-1752,4.1,76.2,90.0,95.1,6.3,7,7,Good
STU-1258,3.2,89.2,64.6,66.6,4.8,3,3,Average
STU-1539,3.8,93.8,82.0,83.4,8.1,6,6,Good
STU-1336,4.2,70.2,59.0,79.2,6.1,6,6,Average
STU-1016,2.2,80.0,49.7,55.9,5.7,1,3,Needs Improvement
STU-1325,2.7,73.3,67.4,68.6,5.8,5,4,Average
STU-1759,4.7,80.9,73.4,80.6,6.8,8,6,Good
STU-1223,3.0,76.9,71.4,65.8,8.4,5,5,Average
STU-1180,2.1,72.7,35.9,75.0,6.4,2,3,Needs Improvement
STU-1984,6.7,91.1,89.1,95.6,6.8,7,10,Excellent
STU-1023,2.1,49.4,66.7,59.1,4.0,4,2,Needs Improvement
STU-1357,2.8,85.5,56.2,80.3,6.3,5,6,Average
STU-1667,4.2,83.2,82.3,86.0,6.5,9,6,Good
STU-1862,4.8,86.1,87.4,89.3,7.1,9,8,Excellent
STU-1341,2.3,66.3,67.4,72.6,6.6,4,5,Average
STU-1432,1.0,70.4,68.9,83.8,6.0,4,6,Average
STU-1552,5.4,81.7,76.8,84.1,6.3,7,7,Good
STU-1834,4.7,79.4,82.9,88.2,6.7,4,8,Good
STU-1204,2.8,53.6,39.6,36.3,3.0,6,2,Needs Improvement
STU-1631,4.1,85.6,71.6,70.8,7.3,7,7,Good
STU-1094,2.8,54.8,36.9,75.0,5.9,3,3,Needs Improvement
STU-1559,6.1,77.6,81.5,82.2,5.7,7,8,Good
STU-1069,2.3,61.7,68.0,68.8,5.6,1,1,Needs Improvement
STU-1623,5.2,90.3,79.4,84.9,7.7,8,7,Good
STU-1285,2.6,77.5,70.6,79.8,8.0,6,5,Average
STU-1845,9.0,90.4,92.3,94.7,8.6,9,8,Excellent
STU-1435,2.3,72.3,69.3,74.4,5.9,5,6,Average
STU-1154,2.2,58.9,35.2,66.9,5.1,1,2,Needs Improvement
STU-1076,0.2,38.5,48.5,55.9,4.4,4,1,Needs Improvement
STU-1731,4.3,98.0,77.8,77.9,7.0,7,9,Good
STU-1447,3.6,71.1,64.0,79.7,4.3,7,5,Average
STU-1189,0.8,54.3,41.9,49.2,5.9,3,3,Needs Improvement
STU-1272,4.6,78.5,62.9,79.3,6.2,6,5,Average
STU-1237,3.4,71.2,67.4,70.3,6.8,7,4,Average
STU-1488,5.0,68.6,62.2,88.0,5.6,4,5,Average
STU-1118,2.8,51.8,62.1,75.0,5.3,2,5,Needs Improvement
STU-1944,6.9,97.7,91.9,94.8,6.0,8,9,Excellent
STU-1513,3.3,63.7,60.1,64.7,8.1,4,6,Average
STU-1826,3.5,88.7,75.9,87.2,7.8,5,6,Good
STU-1592,5.1,91.3,78.0,91.0,8.7,7,7,Good
STU-1127,1.4,70.5,54.8,75.0,6.7,2,4,Needs Improvement
STU-1117,3.1,60.4,58.3,29.7,6.2,4,3,Needs Improvement
STU-1474,3.6,90.0,57.9,69.7,7.1,5,4,Average
STU-1694,7.3,89.2,78.9,94.7,9.4,8,8,Good
STU-1058,2.9,38.9,42.0,52.1,5.9,2,4,Needs Improvement
STU-1864,8.4,100.0,88.4,95.4,7.1,8,10,Excellent
STU-1913,7.4,99.1,89.9,90.0,8.3,9,7,Excellent
STU-1370,4.3,82.8,60.6,61.1,6.4,4,5,Average
STU-1269,2.7,72.3,53.2,65.7,7.8,7,4,Average
STU-1047,1.1,80.0,37.9,33.8,7.5,4,4,Needs Improvement
STU-1350,3.8,70.0,66.8,75.6,6.3,4,4,Average
STU-1196,1.7,57.7,38.7,45.4,4.5,2,5,Needs Improvement
STU-2000,8.2,91.5,88.7,97.7,7.0,8,9,Excellent
STU-1835,3.6,82.5,80.2,79.2,5.6,4,8,Good
STU-1737,5.3,82.8,72.8,86.9,7.2,10,7,Good
STU-1264,1.5,69.6,65.6,74.4,5.4,7,4,Average
STU-1444,4.0,87.2,72.5,66.4,7.0,3,6,Average
STU-1676,2.5,87.3,75.1,97.4,7.1,5,7,Good
STU-1305,3.8,79.7,68.1,73.2,7.4,6,5,Average
STU-1342,2.4,81.1,72.2,56.4,5.5,3,4,Average
STU-1967,7.2,100.0,80.4,96.4,9.4,9,10,Excellent
STU-1150,1.8,55.9,56.8,61.8,3.4,5,5,Needs Improvement
STU-1125,2.4,80.0,46.2,40.0,3.7,2,3,Needs Improvement
STU-1787,5.0,77.7,75.1,92.5,6.0,4,7,Good
STU-1051,2.1,75.7,56.6,49.6,5.8,1,3,Needs Improvement
STU-1354,5.3,67.7,55.3,75.7,7.5,5,7,Average
STU-1928,8.5,94.4,85.9,98.4,8.1,7,9,Excellent
STU-1143,0.9,54.6,66.0,61.6,4.9,4,5,Needs Improvement
STU-1471,4.5,55.0,73.9,76.0,5.2,4,7,Average
STU-1400,2.4,73.7,59.1,78.2,4.5,4,5,Average
STU-1626,5.4,72.0,90.0,88.9,6.3,7,7,Good
STU-1321,3.3,78.7,78.0,58.9,8.5,5,4,Average
STU-1020,2.2,47.0,63.5,40.3,5.3,4,1,Needs Improvement
STU-1810,3.3,83.1,69.4,91.5,7.8,5,8,Good
STU-1791,6.1,81.5,85.9,88.4,6.9,10,6,Good
STU-1809,5.8,85.7,86.3,82.6,7.0,6,7,Good
STU-1408,2.7,69.6,70.8,63.1,6.9,6,4,Average
STU-1538,4.8,87.9,77.9,81.7,7.9,7,7,Good
STU-1621,5.7,87.2,89.7,93.7,6.4,7,7,Good
STU-1039,3.3,40.8,43.6,54.0,8.0,1,5,Needs Improvement
STU-1176,1.7,58.5,46.5,66.5,9.1,2,1,Needs Improvement
STU-1246,3.1,76.7,66.3,79.4,6.1,6,5,Average
STU-1829,7.9,84.5,81.1,82.8,7.4,6,6,Good
STU-1668,4.8,89.9,68.2,90.1,6.0,8,6,Good
STU-1755,4.0,86.5,74.2,91.3,8.1,7,9,Good
STU-1859,6.4,87.7,95.1,92.1,7.4,9,9,Excellent
STU-1155,3.2,68.2,44.5,46.8,5.3,6,3,Needs Improvement
STU-1288,4.0,61.1,59.7,66.1,5.5,6,5,Average
STU-1603,4.8,89.4,89.1,83.9,7.4,5,4,Good
STU-1570,3.7,87.5,65.5,90.6,6.6,9,6,Good
STU-1744,4.3,86.9,82.6,99.0,7.9,8,6,Good
STU-1018,2.5,67.5,38.9,73.0,3.7,4,6,Needs Improvement
STU-1128,2.8,67.8,53.1,68.0,7.6,5,4,Needs Improvement
STU-1323,2.1,76.9,71.2,69.2,4.0,5,6,Average
STU-1256,1.9,71.5,59.7,75.9,8.2,2,5,Average
STU-1658,6.1,84.7,83.6,97.6,8.4,5,7,Good
STU-1965,6.1,93.3,94.0,92.3,7.3,9,7,Excellent
STU-1191,3.2,72.6,45.9,74.4,6.0,2,2,Needs Improvement
STU-1116,1.5,60.7,43.2,70.8,4.5,2,2,Needs Improvement
STU-1617,5.3,88.3,75.5,93.5,6.0,8,7,Good
STU-1607,4.2,90.2,78.2,77.0,7.3,9,7,Good
STU-1181,2.3,58.9,53.4,38.2,6.1,1,3,Needs Improvement
STU-1302,3.8,71.4,69.2,68.1,6.4,5,4,Average
STU-1760,5.0,82.1,76.4,77.2,6.9,6,7,Good
STU-1713,5.4,95.8,76.7,87.5,7.3,10,5,Good
STU-1724,5.8,84.0,70.0,91.8,6.9,7,9,Good
STU-1686,3.5,88.9,66.3,73.7,7.8,7,7,Good
STU-1980,4.6,94.1,97.6,95.5,7.2,8,9,Excellent
STU-1518,4.0,63.0,67.5,55.2,6.7,7,4,Average
STU-1985,6.0,93.6,94.5,100.0,6.4,9,8,Excellent
STU-1046,1.8,66.2,44.9,56.9,5.6,3,4,Needs Improvement
STU-1910,7.7,99.6,98.0,94.1,5.5,8,8,Excellent
STU-1158,2.1,70.0,19.0,75.0,5.6,4,2,Needs Improvement
STU-1852,7.6,92.2,99.2,92.2,9.4,8,7,Excellent
STU-1172,2.3,60.7,61.6,53.9,5.2,3,4,Needs Improvement
STU-1017,1.9,80.0,46.1,56.5,5.7,1,4,Needs Improvement
STU-1512,2.6,67.5,57.5,88.0,8.2,7,4,Average
STU-1049,1.1,54.1,52.1,43.5,4.6,3,3,Needs Improvement
STU-1972,8.8,92.9,95.5,91.7,6.7,6,10,Excellent
STU-1941,6.4,95.0,88.8,89.6,8.9,8,10,Excellent
STU-1516,2.5,67.8,72.6,60.9,6.1,5,5,Average
STU-1953,5.9,90.3,84.4,94.2,7.8,9,9,Excellent
STU-1481,2.2,60.5,52.4,60.8,5.7,7,4,Average
STU-1284,2.0,69.0,71.0,81.6,7.2,6,6,Average
STU-1719,3.8,83.4,85.7,87.1,5.9,8,8,Good
STU-1878,8.0,92.1,89.8,94.9,8.1,9,8,Excellent
STU-1226,3.2,61.1,73.2,66.4,5.6,5,6,Average
STU-1027,0.8,63.8,45.8,62.7,6.5,3,2,Needs Improvement
STU-1955,6.0,91.8,88.6,95.9,8.1,8,8,Excellent
STU-1438,2.8,76.5,62.7,72.2,6.0,3,5,Average
STU-1952,8.8,93.6,91.3,97.9,6.9,9,6,Excellent
STU-1365,4.1,90.0,53.9,56.1,8.8,5,4,Average
STU-1230,2.5,70.1,58.3,74.1,8.5,5,5,Average
STU-1038,2.5,46.9,47.4,10.0,4.3,2,1,Needs Improvement
STU-1966,4.0,95.4,92.2,100.0,7.6,9,8,Excellent
STU-1375,3.6,85.6,69.9,80.1,6.7,7,5,Average
STU-1470,4.0,61.5,75.5,70.0,6.3,4,5,Average
STU-1968,6.0,93.9,90.2,87.2,6.4,7,9,Excellent
STU-1851,7.0,94.1,86.8,97.8,8.0,9,8,Excellent
STU-1705,3.5,85.1,84.6,72.8,8.6,8,6,Good
STU-1842,5.7,84.9,88.4,94.2,8.1,7,7,Excellent
STU-1195,0.5,60.2,47.8,60.7,6.0,1,5,Needs Improvement
STU-1855,7.1,95.9,85.5,100.0,9.3,9,10,Excellent
STU-1865,5.1,90.6,96.2,98.6,7.2,9,9,Excellent
STU-1504,1.0,66.3,76.4,67.8,5.2,5,7,Average
STU-1970,6.5,96.7,88.1,98.4,6.5,7,9,Excellent
STU-1831,5.9,94.7,79.3,81.5,5.0,8,6,Good
STU-1580,5.0,79.9,79.2,96.5,7.5,8,7,Good
STU-1969,7.9,95.3,93.7,94.4,8.6,8,8,Excellent
STU-1163,1.6,69.6,59.9,33.6,6.7,4,3,Needs Improvement
STU-1909,9.6,87.8,81.1,89.8,8.3,9,8,Excellent
STU-1153,1.5,44.6,35.1,69.4,5.1,3,3,Needs Improvement
STU-1802,4.4,91.4,78.2,91.3,8.9,8,7,Good
STU-1994,8.3,88.1,87.0,91.5,5.9,8,10,Excellent
STU-1756,5.2,78.7,86.2,83.1,8.0,9,7,Good
STU-1112,1.6,57.1,54.2,54.7,3.8,3,4,Needs Improvement
STU-1227,2.3,74.5,68.0,79.2,6.8,4,4,Average
STU-1689,6.1,80.8,81.8,85.2,6.9,6,6,Good
STU-1104,0.3,41.8,55.4,54.6,5.5,3,3,Needs Improvement
STU-1422,1.0,72.5,53.6,83.9,7.5,6,7,Average
STU-1420,4.1,81.0,75.3,67.6,6.3,3,5,Average
STU-1751,3.8,82.8,75.2,77.4,6.3,5,6,Good
STU-1587,6.2,91.3,77.6,88.6,6.8,8,7,Good
STU-1781,4.8,90.0,84.5,82.1,5.1,7,7,Good
STU-1673,5.4,85.2,86.4,83.9,8.1,7,6,Good
STU-1120,1.1,57.6,50.3,75.0,4.3,4,3,Needs Improvement
STU-1054,2.2,75.4,57.6,75.0,4.6,4,3,Needs Improvement
STU-1152,2.9,64.5,44.3,63.6,3.0,4,1,Needs Improvement
STU-1404,4.0,73.6,55.2,72.5,8.6,7,5,Average
STU-1946,6.8,98.4,100.0,90.0,7.3,6,9,Excellent
STU-1208,1.8,61.7,65.0,55.6,9.7,3,1,Needs Improvement
STU-1659,4.5,88.9,82.1,81.5,7.2,4,8,Good
STU-1844,4.0,93.4,94.8,91.9,7.2,8,6,Excellent
STU-1763,4.0,83.0,74.9,81.8,6.8,8,6,Good
STU-1009,1.0,54.3,51.3,66.6,5.1,2,2,Needs Improvement
STU-1808,5.7,84.9,78.5,86.1,8.2,6,6,Good
STU-1037,3.7,70.4,32.8,44.7,7.7,2,4,Needs Improvement
STU-1453,2.2,60.0,62.3,74.4,6.5,4,4,Average
STU-1652,5.2,82.8,81.9,80.0,8.8,6,7,Good
STU-1254,4.7,69.0,66.4,66.3,5.0,4,5,Average
STU-1304,3.9,73.8,63.2,73.2,7.3,3,6,Average
STU-1747,4.6,80.4,90.0,80.0,6.7,7,8,Good
STU-1572,4.5,95.9,80.2,81.4,7.1,7,7,Good
STU-1624,4.0,87.7,85.2,83.1,9.2,6,7,Good
STU-1733,5.5,81.9,76.4,86.9,7.2,7,7,Good
STU-1892,6.9,91.0,91.6,94.2,6.7,9,9,Excellent
STU-1263,2.6,76.9,57.0,74.0,6.6,5,5,Average
STU-1611,4.7,82.9,69.8,80.0,5.1,7,6,Good
STU-1298,2.8,74.0,69.2,60.0,4.0,4,4,Average
STU-1415,2.9,76.3,64.7,69.2,5.9,5,3,Average
STU-1151,1.2,62.7,52.9,55.9,5.0,2,3,Needs Improvement
STU-1789,5.3,89.8,70.6,77.2,6.4,6,8,Good
STU-1641,3.6,87.7,72.9,90.6,7.1,5,7,Good
STU-1890,9.2,96.1,88.5,90.0,7.9,9,8,Excellent
STU-1551,4.3,89.0,85.8,79.8,6.7,7,5,Good
STU-1887,9.8,100.0,84.8,100.0,7.1,8,8,Excellent
STU-1489,4.0,75.7,56.0,68.2,5.9,5,6,Average
STU-1148,0.9,54.9,31.3,58.0,6.8,2,5,Needs Improvement
STU-1147,1.8,80.0,65.3,58.5,5.9,3,4,Needs Improvement
STU-1721,5.3,75.8,77.0,81.7,7.9,8,5,Good
STU-1932,7.0,83.2,91.5,93.8,7.4,8,9,Excellent
STU-1740,3.8,89.3,88.8,78.5,5.2,7,7,Good
STU-1660,4.3,86.3,76.1,94.4,5.0,7,7,Good
STU-1349,3.1,80.6,61.9,58.5,8.7,7,3,Average
STU-1464,5.8,60.7,72.4,71.4,7.5,5,4,Average
STU-1326,2.2,79.4,57.0,79.0,7.2,3,4,Average
STU-1187,1.6,48.9,53.4,38.5,5.8,3,4,Needs Improvement
STU-1124,0.4,76.6,66.0,42.8,5.2,3,3,Needs Improvement
STU-1854,6.8,96.7,80.3,96.6,6.9,10,9,Excellent
STU-1609,4.0,94.5,77.4,81.2,8.1,6,8,Good
STU-1144,2.6,58.7,41.5,62.5,6.4,4,4,Needs Improvement
STU-1959,6.3,94.1,96.6,94.0,8.5,10,10,Excellent
STU-1198,3.4,66.1,43.1,75.0,4.9,4,3,Needs Improvement
STU-1610,4.5,85.6,81.0,88.9,5.1,5,8,Good
STU-1280,2.6,69.2,74.6,53.8,9.5,6,5,Average
STU-1294,2.4,68.7,62.9,60.9,5.6,4,6,Average
STU-1401,3.4,90.0,67.4,64.0,6.5,3,5,Average
STU-1123,3.1,51.2,39.7,59.1,5.0,4,3,Needs Improvement
STU-1184,1.7,66.5,57.6,40.2,3.8,1,4,Needs Improvement
STU-1203,1.2,69.1,48.6,56.0,8.1,3,4,Needs Improvement
STU-1439,4.8,74.1,66.6,79.2,5.1,7,5,Average
STU-1247,3.9,78.9,58.5,82.8,6.0,6,5,Average
STU-1416,3.9,70.7,57.1,68.9,8.1,4,5,Average
STU-1933,8.3,95.1,88.5,94.9,7.5,8,9,Excellent
STU-1766,5.7,76.2,72.6,75.3,6.8,7,7,Good
STU-1907,6.6,93.3,90.1,95.3,7.1,9,7,Excellent
STU-1836,4.3,98.0,72.0,81.0,6.5,7,6,Good
STU-1888,5.9,97.9,90.6,93.3,6.3,7,7,Excellent
STU-1130,3.0,60.3,48.5,31.6,6.9,4,6,Needs Improvement
STU-1638,5.5,93.1,89.1,92.5,8.3,6,6,Good
STU-1403,4.8,80.5,68.4,76.3,7.1,2,5,Average
STU-1785,4.1,83.7,75.5,93.6,6.7,9,7,Good
STU-1771,4.1,87.0,78.6,88.0,5.7,8,7,Good
STU-1736,4.9,85.3,76.7,91.9,7.4,9,6,Good
STU-1914,6.8,87.6,87.0,91.8,8.2,8,7,Excellent
STU-1220,1.7,52.4,32.1,59.7,5.0,1,1,Needs Improvement
STU-1642,4.2,91.3,78.0,89.6,6.1,6,6,Good
STU-1916,8.5,93.7,91.4,93.5,7.7,9,8,Excellent
STU-1753,6.0,81.1,84.6,83.4,5.8,8,8,Good
STU-1807,2.5,94.2,82.6,75.7,6.5,9,8,Good
STU-1920,5.1,94.5,88.5,90.3,7.2,9,9,Excellent
STU-1625,4.1,87.3,67.5,83.5,6.0,7,8,Good
STU-1875,7.5,92.6,89.5,95.5,6.8,8,10,Excellent
STU-1761,5.0,78.8,84.5,88.4,7.3,7,6,Good
STU-1387,5.0,82.2,66.7,82.4,6.8,5,5,Average
STU-1973,5.7,93.5,85.9,97.4,7.2,7,9,Excellent
STU-1510,4.3,81.7,65.4,75.1,7.9,5,6,Average
STU-1268,2.8,65.2,63.5,70.2,7.5,7,7,Average
STU-1820,4.6,82.6,76.3,90.8,8.5,6,7,Good
STU-1442,4.3,58.4,66.0,56.6,7.5,5,6,Average
STU-1497,3.2,65.5,60.0,61.4,7.8,2,6,Average
STU-1113,2.3,71.0,56.3,58.9,5.7,1,4,Needs Improvement
STU-1692,4.0,94.1,74.1,81.8,7.2,8,7,Good
STU-1233,4.9,82.6,61.9,84.5,6.7,6,6,Average
STU-1870,7.0,93.6,88.5,93.9,6.1,9,8,Excellent
STU-1608,4.7,92.5,79.3,88.4,6.0,7,8,Good
STU-1672,6.1,86.8,75.2,80.5,5.7,7,8,Good
STU-1374,2.2,72.4,65.0,78.4,7.4,4,5,Average
STU-1982,5.8,91.9,84.0,96.4,8.1,7,8,Excellent
STU-1843,7.4,98.0,82.9,98.8,7.5,9,8,Excellent
STU-1234,2.4,68.9,72.2,70.0,6.1,4,6,Average
STU-1786,3.5,85.2,74.1,72.7,8.7,8,7,Good
STU-1677,3.8,88.8,79.7,93.2,6.3,7,5,Good
STU-1318,3.0,71.1,60.5,79.7,6.4,4,7,Average
STU-1649,5.0,84.2,76.7,92.0,6.1,9,5,Good
STU-1411,2.6,77.7,50.4,67.7,6.6,4,4,Average
STU-1899,5.4,96.8,96.5,93.9,7.3,10,9,Excellent
STU-1710,5.1,82.1,76.6,80.9,8.2,6,8,Good
STU-1359,5.9,84.0,55.5,61.1,7.2,6,6,Average
STU-1259,3.4,78.1,53.9,81.1,6.0,5,7,Average
STU-1745,3.8,86.4,78.6,80.0,6.9,7,7,Good
STU-1628,5.4,89.1,82.9,89.1,6.6,8,5,Good
STU-1633,3.9,79.2,80.1,81.5,7.2,6,5,Good
STU-1283,3.2,70.9,72.9,81.5,5.7,5,4,Average
STU-1377,3.4,76.5,76.9,82.6,6.8,6,4,Average
STU-1385,3.9,78.9,57.9,70.8,6.6,5,5,Average
STU-1225,1.8,69.8,70.6,61.7,7.0,3,6,Average
STU-1954,5.9,95.5,90.6,98.3,8.2,8,8,Excellent
STU-1815,4.7,89.7,77.8,85.6,7.2,6,7,Good
STU-1473,4.2,82.5,68.7,76.3,8.7,5,4,Average
STU-1348,2.9,78.5,57.9,72.8,6.4,5,5,Average
STU-1506,4.6,79.4,59.3,72.6,6.4,5,7,Average
STU-1640,5.3,91.1,81.1,84.0,7.9,5,8,Good
STU-1988,5.6,85.6,96.0,92.6,8.5,9,7,Excellent
STU-1929,8.1,98.7,89.7,93.7,8.6,7,9,Excellent
STU-1906,6.9,96.8,88.0,95.5,7.5,7,8,Excellent
STU-1620,5.0,88.8,74.1,76.2,7.6,4,7,Good
STU-1856,6.1,90.8,90.2,96.5,7.1,9,9,Excellent
STU-1804,3.0,80.4,80.9,98.2,7.0,7,8,Good
STU-1646,3.9,83.5,80.1,89.3,6.2,6,8,Good
STU-1847,7.6,94.3,82.1,92.0,8.1,8,9,Excellent
STU-1557,4.0,74.6,75.6,93.5,8.5,8,7,Good
STU-1958,5.7,98.8,89.3,87.2,6.2,8,7,Excellent
STU-1578,4.1,87.2,82.6,76.5,7.4,8,6,Good
STU-1796,5.5,92.5,82.1,88.8,6.1,7,6,Good
STU-1086,1.3,54.8,38.2,45.3,6.4,4,2,Needs Improvement
STU-1243,3.3,89.5,58.0,66.9,7.2,5,5,Average
STU-1699,4.0,95.7,79.4,91.1,6.3,5,6,Good
STU-1160,2.2,59.8,51.6,75.0,5.7,3,4,Needs Improvement
STU-1525,4.7,88.0,84.2,92.7,6.0,8,7,Good
STU-1036,1.5,52.3,41.5,75.0,6.4,1,4,Needs Improvement
STU-1541,4.6,84.0,71.7,79.4,7.6,6,7,Good
STU-1171,1.9,42.0,42.0,56.8,3.4,3,3,Needs Improvement
STU-1655,4.2,91.0,79.3,80.6,7.1,8,7,Good
STU-1891,7.2,92.5,89.2,86.3,7.3,9,8,Excellent
STU-1858,5.3,89.5,87.2,91.7,7.0,8,9,Excellent
STU-1848,7.3,90.1,86.4,95.4,5.5,10,9,Excellent
STU-1945,5.8,94.8,93.1,98.4,6.4,10,9,Excellent
STU-1734,5.6,88.4,80.7,76.7,7.2,7,8,Good
STU-1096,1.9,54.9,63.0,12.2,7.4,4,1,Needs Improvement
STU-1564,6.0,82.4,65.0,84.3,8.0,7,7,Good
STU-1241,3.6,73.8,58.7,75.9,5.2,6,4,Average
STU-1743,3.0,83.4,84.2,84.8,6.3,8,7,Good
STU-1575,4.3,85.5,90.0,77.7,5.2,8,6,Good
STU-1691,5.7,78.9,81.5,91.0,5.2,7,6,Good
STU-1461,2.3,80.1,74.6,79.3,6.9,4,4,Average
STU-1554,5.0,79.4,69.1,82.2,8.3,8,7,Good
STU-1889,6.8,89.2,88.8,99.8,8.6,8,8,Excellent
STU-1207,2.0,42.4,52.0,42.2,5.0,4,5,Needs Improvement
STU-1393,1.0,71.6,66.7,62.6,7.1,5,7,Average
STU-1795,4.8,90.7,71.7,86.8,6.5,8,7,Good
STU-1398,3.6,81.0,60.5,62.2,5.3,4,5,Average
STU-1767,4.9,80.4,76.9,77.3,8.5,6,6,Good
STU-1849,8.4,87.7,95.6,100.0,6.3,9,8,Excellent
STU-1218,3.5,72.7,53.8,48.6,4.4,2,4,Needs Improvement
STU-1005,1.3,54.5,42.0,75.0,5.8,1,4,Needs Improvement
STU-1769,7.4,72.5,81.7,83.4,6.5,6,6,Good
STU-1643,5.7,96.1,73.2,94.0,5.0,5,6,Good
STU-1930,5.0,98.3,88.8,99.4,7.9,7,10,Excellent
STU-1613,4.0,87.2,75.3,88.2,8.6,7,7,Good
STU-1739,4.3,85.1,73.4,79.7,7.4,5,6,Good
STU-1547,4.8,87.1,74.0,94.6,5.9,7,8,Good
STU-1726,4.9,86.2,84.2,89.2,8.6,6,7,Good
STU-1684,5.1,75.9,72.1,99.0,6.8,8,6,Good
STU-1099,1.6,53.5,55.1,58.7,5.3,4,2,Needs Improvement
STU-1805,4.0,88.2,73.6,92.6,7.3,7,6,Good
STU-1728,4.1,75.1,73.8,78.0,8.8,7,7,Good
STU-1574,3.4,80.1,79.2,86.5,6.5,6,8,Good
STU-1407,4.5,64.7,66.5,63.1,5.9,4,4,Average
STU-1503,3.6,77.8,59.4,76.8,8.1,2,6,Average
STU-1048,2.4,57.9,39.0,53.1,4.8,4,3,Needs Improvement
STU-1033,1.4,71.1,48.6,35.8,4.7,4,2,Needs Improvement
STU-1780,3.7,91.9,86.4,82.9,6.8,5,7,Good
STU-1840,3.9,93.6,72.1,76.5,7.5,6,7,Good
STU-1201,0.9,64.4,59.9,62.8,7.3,2,1,Needs Improvement
STU-1135,2.0,51.2,35.2,65.1,6.8,3,5,Needs Improvement
STU-1028,0.4,52.6,56.6,55.2,3.9,3,4,Needs Improvement
STU-1881,7.0,97.5,84.4,89.6,8.9,8,9,Excellent
STU-1231,2.9,61.5,71.2,72.3,6.4,8,5,Average
STU-1490,3.6,59.8,72.4,75.3,8.3,5,6,Average
STU-1773,3.9,86.0,68.8,94.5,6.9,8,6,Good
STU-1379,2.9,62.8,65.1,81.1,5.5,7,6,Average
STU-1289,3.0,58.0,69.4,61.8,6.7,5,7,Average
STU-1419,3.1,75.7,76.0,81.9,7.6,4,4,Average
STU-1675,5.5,86.7,84.0,90.4,7.1,6,7,Good
STU-1392,3.5,86.4,71.0,76.7,7.2,5,6,Average
STU-1593,3.3,72.0,80.3,86.4,6.6,7,7,Good
STU-1499,4.6,79.3,58.5,58.6,6.2,5,6,Average
STU-1139,1.2,79.6,47.6,30.5,6.0,2,4,Needs Improvement
STU-1063,3.2,58.9,64.3,31.3,3.2,3,3,Needs Improvement
STU-1472,2.3,64.8,73.0,76.0,5.5,5,4,Average
STU-1648,4.2,87.0,83.7,90.3,6.2,8,6,Good
STU-1129,1.6,59.8,60.1,39.7,6.4,2,3,Needs Improvement
STU-1977,5.3,94.4,91.7,90.9,8.3,7,8,Excellent
STU-1521,4.3,84.9,72.1,86.8,6.3,5,7,Good
STU-1839,4.1,81.8,74.1,84.5,6.5,7,7,Good
STU-1963,7.6,96.0,93.7,96.2,9.5,7,7,Excellent
STU-1065,1.3,45.3,47.4,66.3,4.3,3,2,Needs Improvement
STU-1813,4.2,77.0,85.5,83.8,5.8,6,7,Good
STU-1015,1.8,55.2,33.8,45.7,5.3,2,3,Needs Improvement
STU-1157,2.5,58.6,55.3,50.8,5.9,1,4,Needs Improvement
STU-1041,1.9,65.9,63.9,33.4,9.0,1,3,Needs Improvement
STU-1493,3.8,64.9,64.2,65.8,6.1,4,4,Average
STU-1380,4.1,68.7,71.0,63.2,7.7,5,6,Average
STU-1188,2.2,57.7,56.2,72.9,6.6,3,1,Needs Improvement
STU-1764,5.2,75.8,74.6,84.9,8.8,6,4,Good
STU-1217,1.2,35.6,47.2,50.2,8.1,4,2,Needs Improvement
STU-1792,4.4,78.6,83.7,98.0,8.8,8,7,Good
STU-1053,2.4,53.2,50.2,52.2,5.9,2,3,Needs Improvement
STU-1879,6.9,92.5,83.4,95.9,9.2,8,8,Excellent
STU-1338,3.6,65.8,55.5,59.3,7.9,4,7,Average
STU-1749,3.4,93.2,79.1,92.4,7.0,6,8,Good
STU-1720,5.3,90.3,90.0,99.0,6.4,9,7,Good
STU-1725,4.8,87.7,70.9,85.6,7.7,5,7,Good
STU-1296,2.7,55.0,64.1,85.8,7.7,6,6,Average
STU-1702,3.6,87.6,73.1,83.6,8.4,8,7,Good
STU-1252,4.1,86.9,74.2,87.8,7.5,5,3,Average
STU-1727,4.9,79.6,83.7,99.0,7.1,7,7,Good
STU-1462,4.3,80.2,64.7,69.2,4.2,4,7,Average
STU-1456,4.4,64.4,71.3,81.0,8.8,4,6,Average
STU-1997,9.3,98.7,96.1,95.1,7.8,9,10,Excellent
STU-1816,2.7,91.8,79.8,82.0,9.0,7,6,Good
STU-1863,4.9,94.3,93.9,89.1,8.2,9,9,Excellent
STU-1270,2.7,73.8,67.0,65.7,7.1,4,5,Average
STU-1202,3.2,54.1,45.5,71.9,6.6,3,6,Needs Improvement
STU-1162,1.1,57.2,51.3,56.8,6.4,5,4,Needs Improvement
STU-1556,5.3,72.8,77.0,87.9,7.9,8,8,Good
STU-1730,4.9,88.4,79.2,80.3,7.1,5,7,Good
STU-1402,2.5,81.3,61.2,71.9,5.8,7,5,Average
STU-1703,3.5,87.3,84.4,84.6,8.5,8,9,Good
STU-1477,4.6,78.6,74.8,60.9,5.0,5,6,Average
STU-1822,5.0,85.9,72.1,86.7,5.9,8,5,Good
STU-1772,5.5,74.6,79.9,79.3,6.7,7,7,Good
STU-1106,2.2,61.1,57.8,75.0,7.3,1,1,Needs Improvement
STU-1566,4.2,85.4,76.6,94.3,7.3,6,9,Good
STU-1390,4.5,89.7,65.0,82.1,8.2,4,4,Average
STU-1002,2.5,52.4,53.4,45.0,5.1,3,1,Needs Improvement
STU-1938,8.6,92.8,96.1,94.3,8.8,8,9,Excellent
STU-1983,5.0,90.4,92.5,92.4,7.2,7,9,Excellent
STU-1562,5.3,78.9,79.0,91.4,8.6,8,8,Good
STU-1081,2.1,80.0,56.7,47.1,7.6,2,1,Needs Improvement
STU-1206,2.1,55.0,64.1,59.4,6.9,4,5,Needs Improvement
STU-1035,1.2,68.2,40.1,50.3,6.6,4,1,Needs Improvement
STU-1776,5.5,91.8,77.9,82.0,5.3,6,6,Good
STU-1509,3.8,75.0,64.2,61.3,6.9,4,2,Average
STU-1428,5.4,86.1,69.2,73.6,6.3,4,5,Average
STU-1455,4.1,78.1,71.8,77.7,5.3,4,4,Average
STU-1367,2.4,76.0,58.7,69.3,5.4,6,6,Average
STU-1092,1.9,42.5,35.0,47.0,8.3,2,1,Needs Improvement
STU-1340,3.7,82.9,75.1,69.8,5.0,4,5,Average
STU-1898,6.9,94.5,90.8,98.2,8.4,8,8,Excellent
STU-1565,4.5,78.3,81.1,81.6,9.3,7,6,Good
STU-1346,3.4,78.4,67.4,76.5,5.0,6,6,Average
STU-1777,4.9,83.9,82.1,83.0,7.0,8,7,Good
STU-1242,3.4,76.3,63.2,78.3,6.0,6,3,Average
STU-1014,2.7,49.6,44.7,46.1,3.6,3,3,Needs Improvement
STU-1316,3.6,85.9,67.5,70.2,6.6,3,6,Average
STU-1601,5.0,79.5,72.1,80.7,7.2,6,7,Good
STU-1388,4.6,67.5,75.7,77.5,4.9,5,2,Average
STU-1274,5.2,79.1,68.5,56.8,5.9,4,4,Average
STU-1167,0.5,38.3,58.2,75.0,7.9,3,4,Needs Improvement
STU-1841,4.0,99.6,93.0,89.7,6.2,10,8,Excellent
STU-1993,4.5,98.3,81.7,98.1,7.2,9,7,Excellent
STU-1647,5.3,98.0,85.1,94.4,5.7,8,7,Good
STU-1819,2.6,84.6,78.8,86.7,7.0,7,8,Good
STU-1485,4.0,75.1,54.0,65.8,6.5,5,7,Average
STU-1981,5.7,100.0,98.7,95.9,7.5,9,9,Excellent
STU-1505,1.6,65.6,75.5,88.0,6.5,3,8,Average
STU-1832,5.0,78.5,76.4,87.2,7.4,5,8,Good
STU-1244,3.6,79.1,72.8,76.7,6.3,6,7,Average
STU-1567,4.8,90.6,74.4,89.4,7.4,4,9,Good
STU-1876,5.8,98.7,96.7,92.1,6.2,9,8,Excellent
STU-1563,4.9,88.3,85.5,78.3,6.8,6,7,Good
STU-1687,3.4,81.8,76.4,76.6,6.4,7,8,Good
STU-1190,2.2,58.8,28.2,37.9,5.6,1,4,Needs Improvement
STU-1783,4.6,95.8,76.9,86.9,6.6,8,9,Good
STU-1700,4.7,79.6,77.9,76.0,6.0,8,8,Good
STU-1476,3.6,74.0,60.9,63.2,7.6,6,3,Average
STU-1682,4.5,92.2,82.8,87.1,6.1,7,7,Good
STU-1511,2.9,84.5,67.2,74.7,5.1,5,4,Average
STU-1059,0.8,56.3,49.2,59.7,6.9,1,1,Needs Improvement
STU-1475,4.2,90.0,66.4,64.9,4.7,5,6,Average
STU-1561,6.7,87.3,75.9,76.5,6.8,6,8,Good
STU-1857,5.5,96.1,93.9,95.6,8.5,7,9,Excellent
STU-1748,5.8,96.8,81.0,80.1,6.8,7,9,Good
STU-1253,3.0,67.3,78.0,71.4,6.7,6,5,Average
STU-1022,0.6,64.3,51.0,55.8,6.3,2,3,Needs Improvement
STU-1314,3.6,90.0,55.5,74.7,5.8,5,5,Average
STU-1460,4.6,79.9,77.5,58.1,6.0,4,6,Average
STU-1161,2.8,72.2,54.4,34.9,8.3,1,3,Needs Improvement
STU-1277,2.8,73.2,78.0,59.5,6.9,6,6,Average
STU-1956,7.0,91.9,85.8,88.9,6.9,9,8,Excellent
STU-1192,1.5,53.3,49.7,54.4,5.8,3,5,Needs Improvement
STU-1386,4.5,82.7,55.8,78.6,8.2,5,6,Average
STU-1806,5.5,98.0,72.0,84.8,7.3,8,6,Good
STU-1414,1.3,80.1,66.5,77.6,9.5,2,7,Average
STU-1492,2.1,63.7,67.0,74.3,5.9,5,7,Average
STU-1344,3.4,69.6,63.1,88.0,8.2,3,6,Average
STU-1770,6.5,91.1,78.1,95.8,5.6,5,5,Good
STU-1309,2.9,71.5,74.0,78.0,5.3,5,6,Average
STU-1662,4.1,92.6,80.6,77.0,6.6,7,8,Good
STU-1131,1.5,60.6,50.5,75.0,5.7,3,4,Needs Improvement
STU-1664,4.9,84.6,86.3,91.1,8.7,5,7,Good
STU-1872,6.9,94.9,86.8,92.9,7.7,7,9,Excellent
STU-1100,2.4,65.1,44.9,56.9,3.9,4,3,Needs Improvement
STU-1373,2.6,72.5,60.8,53.1,7.7,7,6,Average
STU-1088,3.1,65.9,47.4,56.2,4.1,6,3,Needs Improvement
STU-1459,2.5,80.6,71.3,77.1,8.0,3,7,Average
STU-1331,2.9,88.4,66.6,77.5,7.4,5,6,Average
STU-1215,2.7,65.1,55.8,43.7,4.6,3,3,Needs Improvement
STU-1467,2.4,83.4,69.7,88.0,5.5,4,5,Average
STU-1122,4.0,50.3,42.7,42.7,5.0,2,5,Needs Improvement
STU-1615,3.8,81.2,75.5,78.1,6.1,8,5,Good
STU-1021,2.0,73.7,31.9,54.8,6.2,4,1,Needs Improvement
STU-1701,4.4,79.9,71.8,84.6,7.7,8,6,Good
STU-1072,1.6,47.5,34.2,65.9,8.7,1,4,Needs Improvement
STU-1107,1.2,58.3,53.2,41.1,6.1,2,2,Needs Improvement
STU-1271,3.7,74.1,61.9,72.0,6.5,4,5,Average
STU-1861,7.1,95.6,100.0,94.0,7.2,8,9,Excellent
STU-1436,1.4,83.3,62.6,76.8,8.0,3,4,Average
STU-1103,1.8,71.2,49.1,54.3,5.3,3,3,Needs Improvement
